,mean,min,max,rms,std
PW01,-0.75714285714285723,-1.4399999999999999,0.040000000000000001,0.68946839424781947,0.53096497956438637
